{"_wandb":{"runtime":226},"epoch":10,"train_loss":NaN,"val_loss":NaN,"_timestamp":1.7412694235494351e+09,"_runtime":226.2712151,"_step":10}