{"_runtime":241.0917687,"_step":10,"epoch":10,"train_loss":NaN,"val_loss":NaN,"_timestamp":1.7412709761971323e+09,"_wandb":{"runtime":241}}