{"test_mspe":0.006514358799904585,"test_mape":0.06982342153787613,"train_loss":8854.096154530844,"val_loss":11434.76669546274,"epoch":4,"_step":4,"test_mse":40149.703125,"_timestamp":1.741266922009025e+09,"_wandb":{"runtime":751},"test_mae":172.65695190429688,"_runtime":751.2304946,"test_rmse":200.3739013671875}