{"_wandb":{"runtime":252},"val_loss":NaN,"_timestamp":1.7412696792037923e+09,"_runtime":252.7153608,"_step":10,"epoch":10,"train_loss":NaN}