{"_step":6,"test_mse":34135.8046875,"train_loss":8717.325920952691,"test_rmse":184.75877380371094,"_wandb":{"runtime":728},"test_mape":0.06323923170566559,"_runtime":728.064147,"test_mae":156.06671142578125,"val_loss":12453.266276041666,"_timestamp":1.741270419300896e+09,"test_mspe":0.005569134838879108,"epoch":6}