{"_runtime":407.5431517,"test_mse":39935.23046875,"val_loss":15930.686467097355,"epoch":4,"train_loss":8047.609250810411,"test_rmse":199.8380126953125,"_timestamp":1.741271652399397e+09,"test_mape":0.06969363242387772,"test_mspe":0.006485074758529663,"test_mae":172.28695678710938,"_wandb":{"runtime":407},"_step":4}