{"_wandb":{"runtime":300},"test_mape":0.05144773796200752,"test_mse":23028.61328125,"test_rmse":151.75181579589844,"test_mspe":0.003788934787735343,"train_loss":7229.159525553386,"val_loss":13301.941731770834,"_timestamp":1.7412707322096877e+09,"test_mae":125.98430633544922,"_runtime":300.8817472,"_step":6,"epoch":6}