{"test_mape":0.06904672831296921,"test_rmse":198.3507843017578,"val_loss":11965.502766927084,"epoch":6,"test_mspe":0.006404208019375801,"train_loss":8816.525451660156,"_timestamp":1.7412691921594377e+09,"test_mse":39343.03125,"_step":6,"_wandb":{"runtime":1209},"_runtime":1209.258488,"test_mae":170.59007263183594}