{"_step":4,"test_rmse":198.47671508789062,"_wandb":{"runtime":1052},"_timestamp":1.7412679788638356e+09,"test_mae":170.68505859375,"test_mspe":0.006393809802830219,"test_mape":0.06904685497283936,"test_mse":39393.00390625,"_runtime":1052.8949185,"train_loss":8086.67574734158,"val_loss":16111.00362454928,"epoch":4}